{"train/loss": 3.3766, "train/learning_rate": 3.3333333333333333e-06, "train/epoch": 0.93, "train/global_step": 12, "_timestamp": 1710667065.0623593, "_runtime": 141.2745282649994, "_step": 2, "eval/loss": 3.3811628818511963, "eval/accuracy": 0.0, "eval/runtime": 10.6402, "eval/samples_per_second": 17.293, "eval/steps_per_second": 4.323, "train/train_runtime": 145.2682, "train/train_samples_per_second": 11.393, "train/train_steps_per_second": 0.083, "train/total_flos": 89473270284288.0, "train/train_loss": 3.3769169648488364, "_wandb": {"runtime": 138}}